human_cluster_id	mouse_cluster	human_cluster	score	cell_set_accession	cell_label	cell_fullname	parent_cell_set_accession	parent_cell_set_name	labelset	cell_ontology_term_id	human_label	rationale	rationale_dois	marker_gene_evidence	synonyms	Class auto_annotation	sc_notes	Neurotransmitter auto_annotation	Subtype auto_annotation	Transferred MTG Label	Neuropeptide auto_annotation	Top three regions	Top three dissections	Top Enriched Genes	Number of cells	DoubletFinder score	Total UMI	Fraction unspliced	Fraction mitochondrial	H19.30.002	H19.30.001	H18.30.002	H18.30.001	Fraction cells from top donor	Number of donors	subcluster_id	mouse_label	label_match	nt_class
116	mm_L5 extratelencephalic projecting glutamatergic cortical neuron	hs_116	0.552168204	CS202210140_117	Misc_116		CS202210140_463	Miscellaneous	Cluster	CL:0000000	cell					NEUR		VGLUT1			CBLN CCK CHGA CHGB NAMPT NUCB SCG UBL UCN VGF proSAAS	Cerebral cortex: 93.4%, Amygdala: 3.3%, Basal forebrain: 2.6%	Human Idg: 22.6%, Human A38: 12.2%, Human M1C: 8.3%	ERG, MIR548XHG, ABCB11, CSN1S1, ATP6V1C2, AC016074.2, MIR1-1HG-AS1, FEZF2, POU3F1, AL158058.2	1341.0	0.100915095	43364.54064	0.723728434	0.003902777	468.0	293.0	580.0	0.0	0.43251305	3.0		L5 extratelencephalic projecting glutamatergic cortical neuron	False	glut
132	mm_L4/5 intratelencephalic projecting glutamatergic neuron	hs_132	0.579967045	CS202210140_133	Misc_132		CS202210140_463	Miscellaneous	Cluster	CL:0000000	cell					NEUR		VGLUT1 VGLUT2			CBLN CCK CHGA CHGB NAMPT NUCB SCG UBL VGF proSAAS	Cerebral cortex: 98.4%, Hippocampus: 0.8%, Midbrain: 0.8%	Human A29-A30: 90.9%, Human Pro: 5.1%, Human M1C: 1.2%	CD53, DPP4, AC060765.1, LINC01721, AC112770.1, AL157769.1, VIPR2, PCSK1, AC016687.2, QRFPR	492.0	0.021849593	13983.1565	0.582764537	0.017229974	74.0	114.0	298.0	6.0	0.605691057	4.0		L4/5 intratelencephalic projecting glutamatergic neuron	False	glut
164	mm_L2/3 intratelencephalic projecting glutamatergic neuron	hs_164	0.579614722	CS202210140_165	Misc_164		CS202210140_463	Miscellaneous	Cluster	CL:0000000	cell					NEUR		VGLUT1 VGLUT2			ADCYAP CART CBLN CCK CHGA CHGB IGF NAMPT NUCB NXPH UBL VGF proSAAS	Cerebral cortex: 66.8%, Amygdala: 18.2%, Hippocampus: 15.0%	Human LEC: 42.3%, Human Pir: 23.8%, Human Sub: 15.0%	TMEM45B, LINC02752, LINC02105, BARX2, AC005482.1, DSC3, COL6A2, LINC01482, LINC02653, HMCN2	659.0	0.045007587	32845.15933	0.780986712	0.004444021	106.0	162.0	391.0	0.0	0.593323217	3.0		L2/3 intratelencephalic projecting glutamatergic neuron	False	glut
165	mm_L2/3 intratelencephalic projecting glutamatergic neuron	hs_165	0.397875177	CS202210140_166	Misc_165		CS202210140_463	Miscellaneous	Cluster	CL:0000000	cell					NEUR		VGLUT1 VGLUT2			ADCYAP CART CBLN CCK CHGA CHGB CORT IGF NAMPT NUCB NXPH PDYN SCG UBL VGF proSAAS	Cerebral cortex: 92.1%, Hippocampus: 5.0%, Amygdala: 2.8%	Human MEC: 72.0%, Human LEC: 18.2%, Human Sub: 5.0%	LINC02752, BARX2, IFNG-AS1, DSC3, AC116345.1, SNHG31, AC104689.2, AC006974.2, TMEM45B, AC072062.1	2064.0	0.021424419	49798.68169	0.784635159	0.001632678	489.0	626.0	949.0	0.0	0.459786822	3.0		L2/3 intratelencephalic projecting glutamatergic neuron	False	glut
166	mm_L2/3 intratelencephalic projecting glutamatergic neuron	hs_166	0.628861021	CS202210140_167	Misc_166		CS202210140_463	Miscellaneous	Cluster	CL:0000000	cell					NEUR		VGLUT1 VGLUT2			ADCYAP AVP CBLN CCK CHGA CHGB CORT NAMPT NUCB PDYN SCG UBL VGF proSAAS	Cerebral cortex: 79.4%, Hippocampus: 16.1%, Amygdala: 3.1%	Human MEC: 71.3%, Human Sub: 14.9%, Human LEC: 7.8%	LINC02752, IFNG-AS1, SNHG31, LINC01297, BARX2, AC072062.1, AC104689.2, TMEM45B, AC116345.1, AL589693.1	944.0	0.027923729	55764.14089	0.774902026	0.001918512	192.0	220.0	532.0	0.0	0.563559322	3.0		L2/3 intratelencephalic projecting glutamatergic neuron	False	glut
167	mm_L2/3 intratelencephalic projecting glutamatergic neuron	hs_167	0.426243488	CS202210140_168	Misc_167		CS202210140_463	Miscellaneous	Cluster	CL:0000000	cell					NEUR		VGLUT1			ADCYAP CBLN CCK CHGA CHGB GRP NAMPT NUCB SCG UBL VGF proSAAS	Hippocampus: 76.8%, Cerebral cortex: 14.3%, Midbrain: 8.2%	Human Sub: 29.3%, Human CA1U-CA2U-CA3U: 25.4%, Human CA1-2R: 15.9%	LINC01524, ANO2, AL109930.1, FRMD6-AS2, AL391097.3, AL031674.1, TRPC6, RASSF9, AL391097.1, SEMA3D	1973.0	0.020715066	15704.30157	0.688506343	0.00569108	1044.0	556.0	373.0	0.0	0.529143436	3.0		L2/3 intratelencephalic projecting glutamatergic neuron	False	glut
168	mm_L2/3 intratelencephalic projecting glutamatergic neuron	hs_168	0.64988417	CS202210140_169	Misc_168		CS202210140_463	Miscellaneous	Cluster	CL:0000000	cell					NEUR		VGLUT1 VGLUT2			CBLN CCK CHGB NAMPT NUCB SCG UBL UCN VGF proSAAS	Cerebral cortex: 92.4%, Hippocampus: 7.6%, Amygdala: 0.0%	Human TH-TL: 56.3%, Human MEC: 34.4%, Human Sub: 4.4%	GRB14, DUXAP9, SCHLAP1, MET, TWIST2, LINC01297, LINC01524, DUXAP10, FER1L6-AS2, DCN	631.0	0.02473851	36330.78288	0.729089919	0.005942227	225.0	52.0	354.0	0.0	0.561014263	3.0		L2/3 intratelencephalic projecting glutamatergic neuron	False	glut
170	mm_L2/3 intratelencephalic projecting glutamatergic neuron	hs_170	0.344551367	CS202210140_171	Misc_170		CS202210140_463	Miscellaneous	Cluster	CL:0000000	cell					NEUR		VGLUT1 VGLUT2			ADCYAP CBLN CCK CHGB NAMPT NUCB PDYN SCG UBL VGF proSAAS	Hippocampus: 68.6%, Hypothalamus: 21.7%, Cerebral cortex: 6.4%	Human CA1: 57.7%, Human HTHtub: 21.5%, Human CA1U-CA2U-CA3U: 9.3%	LINC02752, POSTN, DCN, ITPRID1, LINC02309, LINC02316, AC124290.1, GRB14, IFNG-AS1, MAFA	503.0	0.042209996	37049.56859	0.766679047	0.004067728	55.0	24.0	424.0	0.0	0.842942346	3.0		L2/3 intratelencephalic projecting glutamatergic neuron	False	glut
176	mm_L2/3 intratelencephalic projecting glutamatergic neuron	hs_176	0.451566806	CS202210140_177	Misc_176		CS202210140_463	Miscellaneous	Cluster	CL:0000000	cell					NEUR		VGLUT1 VGLUT2			CBLN CCK CHGA CHGB GRP NAMPT NUCB PDYN PNOC SCG UBL VGF proSAAS	Hippocampus: 98.8%, Cerebral cortex: 1.0%, Thalamus: 0.2%	Human CA1U-CA2U-CA3U: 90.1%, Human CA1-2R: 4.3%, Human CA1: 2.7%	AC008662.1, AC097528.1, LINC01524, TMC1, AL391097.3, AC091096.1, AL391097.1, COBLL1, ABCA12, LINC02143	414.0	0.04178744	24635.54106	0.68698663	0.005762883	199.0	186.0	29.0	0.0	0.480676329	3.0		L2/3 intratelencephalic projecting glutamatergic neuron	False	glut
177	mm_L2/3 intratelencephalic projecting glutamatergic neuron	hs_177	0.63479771	CS202210140_178	Misc_177		CS202210140_463	Miscellaneous	Cluster	CL:0000000	cell					NEUR		VGLUT1 VGLUT2			CBLN CCK CHGA CHGB NAMPT NUCB PDYN SCG UBL VGF proSAAS	Hippocampus: 68.2%, Midbrain: 20.5%, Cerebral cortex: 10.8%	Human Sub: 39.5%, Human CA1-2R: 23.8%, Human SC: 20.4%	AC008662.1, AC097528.1, LINC01339, COBLL1, AC018680.1, VIPR2, AC091096.1, LINC01524, LINC02143, AL109930.1	3941.0	0.016857046	18747.95433	0.680331599	0.007361221	1767.0	1233.0	941.0	0.0	0.44836336	3.0		L2/3 intratelencephalic projecting glutamatergic neuron	False	glut
178	mm_L2/3 intratelencephalic projecting glutamatergic neuron	hs_178	0.324836012	CS202210140_179	Misc_178		CS202210140_463	Miscellaneous	Cluster	CL:0000000	cell					NEUR		VGLUT1 VGLUT2			CCK CHGA CHGB NAMPT NUCB NXPH PDYN SCG UBL proSAAS	Hippocampus: 43.8%, Midbrain: 29.4%, Cerebral cortex: 26.8%	Human Sub: 37.9%, Human SC: 29.4%, Human TH-TL: 21.6%	AC008662.1, AC091096.1, AP003066.1, AL391117.1, COBLL1, AC099517.1, AC097528.1, LINC02143, AC008415.1, AC004052.1	691.0	0.037893515	18018.1013	0.747487659	0.003168927	378.0	296.0	17.0	0.0	0.547033285	3.0		L2/3 intratelencephalic projecting glutamatergic neuron	False	glut
238	mm_medial ganglionic eminence derived GABAergic cortical interneuron	hs_238	0.805908119	CS202210140_239	Splat_238		CS202210140_483	Splatter	Cluster	CL:0000540	neuron					NEUR		GABA			CALCB CCK CHGA CHGB CORT CRH IGF NAMPT NPPC NUCB NXPH PTHLH SCG UBL proSAAS	Basal forebrain: 57.1%, Amygdala: 27.7%, Cerebral cortex: 6.8%	Human CaB: 15.6%, Human NAC: 12.7%, Human SI: 10.8%	CRABP1, KLB, AP002989.1, HTR3A, PLSCR5, PDGFD, HAPLN1, EXOC1L, IL1RAPL2, AL356108.1	7651.0	0.02744902	22107.46987	0.677383573	0.012127368	2363.0	2649.0	2623.0	16.0	0.346229251	4.0		medial ganglionic eminence derived GABAergic cortical interneuron	False	gaba
297	mm_pinealocyte	hs_297	0.609352981	CS202210140_298	URL_297		CS202210140_487	Upper rhombic lip	Cluster	CL:0000540	neuron							VGLUT1			CHGA CHGB GRP NUCB NXPH SCG UBL proSAAS	Midbrain: 97.1%, Thalamus: 2.9%, Cerebral cortex: 0.0%	Human SC: 73.5%, Human SN: 20.6%, Human PAG: 2.9%	TPH1, RBP3, AC004852.2, GABRR3, AQP3, NEUROG1, ETV3L, AC063980.1, CACNA2D4, ASB15-AS1	34.0	0.012989196	7235.0	0.62555681	0.009278073	26.0	0.0	8.0	0.0	0.764705882	2.0		pinealocyte	False	glut
309	mm_cerebellar granule cell	hs_309	0.328050634	CS202210140_310	URL_309		CS202210140_487	Upper rhombic lip	Cluster	CL:0000540	neuron					NEUR		VGLUT1 VGLUT2			ADCYAP CBLN CHGB GRP NAMPT NUCB NXPH PENK TRH UBL proSAAS	Pons: 89.0%, Cerebellum: 8.6%, Medulla: 1.6%	Human PnEN: 37.8%, Human PnAN: 28.2%, Human PB: 12.3%	AC017037.5, AC108517.2, AC084740.1, LMX1A, ABCA13, AC092957.1, TMEM255B, CBLN1, CPLX4, AC080079.2	373.0	0.142193725	7005.08311	0.643623167	0.009488717	148.0	82.0	143.0	0.0	0.396782842	3.0		cerebellar granule cell	False	glut
313	mm_Cajal-Retzius cell	hs_313	0.380405701	CS202210140_314	Splat_313		CS202210140_483	Splatter	Cluster	CL:0000540	neuron					NEUR		VGLUT2			ADCYAP CHGB NAMPT NPPC NUCB SCG UBL proSAAS	Hippocampus: 41.6%, Cerebral cortex: 36.5%, Amygdala: 7.6%	Human MEC: 14.5%, Human CA4C-DGC: 10.7%, Human DGR-CA4Rpy: 6.7%	AL592463.1, AGTR1, NDNF, TP73, AIM2, PRPH, LINC02770, AC005064.1, LINC01133, SCUBE1	449.0	0.028964187	16283.73051	0.632014456	0.012839282	173.0	152.0	124.0	0.0	0.385300668	3.0		Cajal-Retzius cell	False	glut
315	mm_glutamatergic neuron	hs_315	0.008667429	CS202210140_316	LRL_315		CS202210140_489	Lower rhombic lip	Cluster	CL:0000540	neuron					NEUR		VGLUT1 VGLUT2			ADCYAP CALCB CART CBLN CHGA CHGB IGF NAMPT NUCB NXPH SCG UBL VGF proSAAS	Pons: 95.9%, Medulla: 1.9%, Cerebral cortex: 1.5%	Human PnEN: 47.2%, Human DTg: 31.1%, Human PN: 9.4%	ADAMTS20, LINC00616, AL139351.3, BARHL1, IRX2, ADGRD2, EGFLAM, AC093765.2, C6orf141, LINC02381	267.0	0.053417568	25812.50936	0.698162085	0.003980108	27.0	73.0	163.0	4.0	0.610486891	4.0		glutamatergic neuron	False	glut
316	mm_glutamatergic neuron	hs_316	0.47973262	CS202210140_317	LRL_316		CS202210140_489	Lower rhombic lip	Cluster	CL:0000540	neuron					NEUR		VGLUT1 VGLUT2			ADCYAP CALCB CBLN CHGA CHGB CRH GAL IGF NAMPT NUCB NXPH SCG UBL VGF proSAAS	Pons: 76.6%, Medulla: 22.0%, Midbrain: 0.6%	Human PnEN: 53.4%, Human MoAN: 10.7%, Human DTg: 8.7%	ADAMTS20, NTRK1, AL139351.3, INSRR, BARHL1, AC022239.1, AL359208.1, CDH23, IRX2, HOXD3	1939.0	0.097624114	41527.00155	0.700591434	0.008169665	193.0	542.0	1194.0	10.0	0.615781331	4.0		glutamatergic neuron	False	glut
317	mm_glutamatergic neuron	hs_317	0.35970092	CS202210140_318	LRL_317		CS202210140_489	Lower rhombic lip	Cluster	CL:0000540	neuron					NEUR		VGLUT1 VGLUT2			ADCYAP CALCB CBLN CHGA CHGB IGF NAMPT NUCB NXPH SCG UBL VGF proSAAS	Pons: 97.6%, Medulla: 2.1%, Midbrain: 0.2%	Human PnRF: 36.1%, Human PnEN: 23.6%, Human PN: 22.5%	BMP5, ADAMTS20, AL139351.3, AC093765.2, INSRR, LINC00836, CDH23, AC136431.1, IRX2, EGFLAM	4858.0	0.079877572	34622.50535	0.735460061	0.004076712	586.0	1836.0	2436.0	0.0	0.501440922	3.0		glutamatergic neuron	False	glut
318	mm_glutamatergic neuron	hs_318	0.374266161	CS202210140_319	LRL_318		CS202210140_489	Lower rhombic lip	Cluster	CL:0000540	neuron					NEUR		VGLUT1 VGLUT2			ADCYAP CBLN CHGA CHGB IGF NAMPT NUCB NXPH SCG UBL VGF proSAAS	Pons: 98.8%, Medulla: 0.7%, Midbrain: 0.5%	Human PN: 54.9%, Human PnEN: 17.1%, Human DTg: 14.1%	AC093765.2, AL139351.3, ADAMTS20, LINC00836, LINC00210, BMP5, AC136431.1, BARHL1, LINC00355, IRX2	7999.0	0.061646934	29694.76985	0.691604976	0.004363006	1089.0	3570.0	3340.0	0.0	0.446305788	3.0		glutamatergic neuron	False	glut
319	mm_glutamatergic neuron	hs_319	0.368996994	CS202210140_320	LRL_319		CS202210140_489	Lower rhombic lip	Cluster	CL:0000540	neuron					NEUR		VGLUT1 VGLUT2			ADCYAP CBLN CHGA CHGB IGF NAMPT NUCB NXPH SCG UBL VGF proSAAS	Pons: 97.8%, Midbrain: 1.2%, Medulla: 1.0%	Human PN: 45.9%, Human PnEN: 25.5%, Human PnRF: 15.0%	LINC00355, IRX2, AL139351.3, AC136431.1, AC093765.2, S100A10, ADAMTS20, LINC02476, CDH23, BARHL1	8164.0	0.059533137	24030.20884	0.705006169	0.005645585	1001.0	3755.0	3408.0	0.0	0.459946105	3.0		glutamatergic neuron	False	glut
320	mm_glutamatergic neuron	hs_320	0.788618816	CS202210140_321	LRL_320		CS202210140_489	Lower rhombic lip	Cluster	CL:0000540	neuron					NEUR		VGLUT1 VGLUT2			ADCYAP CBLN CHGA CHGB IGF NAMPT NUCB NXPH SCG UBL VGF proSAAS	Pons: 90.4%, Medulla: 6.2%, Basal forebrain: 3.2%	Human PN: 27.7%, Human PnEN: 25.8%, Human PnRF: 21.5%	AL139351.3, AC093765.2, IRX2, LINC00355, LINC02476, AC136431.1, BMP5, TINAG, HOXC4, LINC00363	27800.0	0.055777026	23116.21978	0.693157777	0.006240698	3911.0	10783.0	13106.0	0.0	0.471438849	3.0		glutamatergic neuron	False	glut
321	mm_glutamatergic neuron	hs_321	0.313045244	CS202210140_322	LRL_321		CS202210140_489	Lower rhombic lip	Cluster	CL:0000540	neuron					NEUR		VGLUT1 VGLUT2			ADCYAP CBLN CHGA CHGB IGF NAMPT NUCB NXPH SCG UBL VGF proSAAS	Pons: 95.9%, Medulla: 3.3%, Midbrain: 0.4%	Human PnEN: 40.4%, Human PN: 30.9%, Human DTg: 13.1%	IRX2, AL139351.3, GADL1, AC136431.1, NLRP1, CDH23, LINC02476, LINC01798, INSRR, VEPH1	1119.0	0.071601963	30917.77927	0.712683024	0.010503186	78.0	208.0	832.0	1.0	0.743521001	4.0		glutamatergic neuron	False	glut
322	mm_glutamatergic neuron	hs_322	0.178357015	CS202210140_323	LRL_322		CS202210140_489	Lower rhombic lip	Cluster	CL:0000540	neuron					NEUR		VGLUT1 VGLUT2			ADCYAP AGT CALCB CART CBLN CHGA CHGB CRH IGF NAMPT NUCB NXPH SCG UBL VGF proSAAS	Pons: 83.9%, Medulla: 15.5%, Cerebral cortex: 0.4%	Human PnEN: 48.0%, Human DTg: 22.6%, Human MoRF-MoEN: 8.5%	LINC01982, AL359208.1, BMP5, AC007422.1, ADAMTS20, SLC5A7, EGFLAM, AL139351.3, INSRR, NTRK1	504.0	0.097599468	35798.22421	0.741762839	0.009281625	32.0	73.0	397.0	2.0	0.787698413	4.0		glutamatergic neuron	False	glut
334	mm_glutamatergic neuron	hs_334	0.962896465	CS202210140_335	Splat_334		CS202210140_483	Splatter	Cluster	CL:0000540	neuron					NEUR		CHOL VGLUT1 VGLUT2			ADCYAP CART CBLN CCK CHGB CRH NAMPT NMU NUCB NXPH SCG TAC UBL VGF proSAAS	Thalamus: 91.7%, Midbrain: 8.2%, Pons: 0.1%	Human ETH: 62.8%, Human MD-Re: 27.9%, Human SC: 6.3%	GNG8, GPR151, LINC01307, CHRNB3, POU4F1, SLC5A7, SCUBE1, TRPM8, ACOXL, F13A1	1998.0	0.030422621	17940.7968	0.651474399	0.020708959	959.0	426.0	613.0	0.0	0.47997998	3.0		glutamatergic neuron	False	glut+chol
335	mm_glutamatergic neuron	hs_335	0.040817127	CS202210140_336	Splat_335		CS202210140_483	Splatter	Cluster	CL:0000540	neuron					NEUR		VGLUT2			ADCYAP CBLN CHGA CHGB CRH IGF NAMPT NUCB PENK PTHLH SCG SST UBL VGF proSAAS	Medulla: 78.3%, Pons: 15.9%, Midbrain: 4.8%	Human IO: 70.8%, Human PnRF: 13.5%, Human MoSR: 3.2%	HSPD1P8, AC092445.1, LINC00331, POU4F1, TES, HOXD3, AC096773.1, PDLIM1, AC093772.1, LINC00581	993.0	0.180973767	31000.02316	0.707752597	0.028672531	115.0	232.0	646.0	0.0	0.650553877	3.0		glutamatergic neuron	False	glut
336	mm_glutamatergic neuron	hs_336	0.301336284	CS202210140_337	Splat_336		CS202210140_483	Splatter	Cluster	CL:0000540	neuron					NEUR		VGLUT2 VGLUT3			AGT CBLN CCK CHGA CHGB GAL NAMPT NPPC NTS NUCB NXPH POMC SCG SST UBL proSAAS	Midbrain: 91.5%, Thalamus: 8.1%, Medulla: 0.3%	Human SN-RN: 59.7%, Human PAG: 18.3%, Human CM-Pf: 7.7%	NKX6-1, FAM83B, ASAH2, LINC00261, EBF3, SIM1, ONECUT1, FOXA2, AC024230.1, AC079148.3	1263.0	0.084224171	43234.962	0.667229506	0.004685834	172.0	933.0	158.0	0.0	0.73871734	3.0		glutamatergic neuron	False	glut
337	mm_GABAergic neuron	hs_337	0.232391555	CS202210140_338	Splat_337		CS202210140_483	Splatter	Cluster	CL:0000540	neuron					NEUR		GABA			CALCB CHGA CHGB IGF NAMPT NPPC NUCB NXPH PNOC POMC PYY SCG UBL VGF proSAAS	Basal forebrain: 81.9%, Midbrain: 17.6%, Hypothalamus: 0.5%	Human GPi: 53.9%, Human GPe: 26.4%, Human SN: 16.1%	ONECUT1, ASAH2, AC016044.1, LHX1-DT, KANK4, LINC00922, LINC02520, ZNF676, LHX1, MARCHF11-AS1	193.0	0.219244783	45029.84974	0.714482351	0.001880189	5.0	185.0	3.0	0.0	0.958549223	3.0		GABAergic neuron	False	gaba
338	mm_glutamatergic neuron	hs_338	0.193030484	CS202210140_339	Splat_338		CS202210140_483	Splatter	Cluster	CL:0000540	neuron					NEUR		VGLUT2			CBLN CHGA CHGB NAMPT NUCB NXPH SCG UBL proSAAS	Medulla: 99.1%, Basal forebrain: 0.6%, Pons: 0.3%	Human MoAN: 53.4%, Human MoSR: 34.0%, Human MoRF-MoEN: 11.7%	LINC02058, AC004080.1, FSHR, HOXD3, ASAH2, EBF1, PPP1R1C, HOXB3, IGFBP7, LNCTAM34A	350.0	0.113715486	19972.95714	0.688584501	0.011671441	2.0	285.0	63.0	0.0	0.814285714	3.0		glutamatergic neuron	False	glut
339	mm_glutamatergic neuron	hs_339	0.198442885	CS202210140_340	Splat_339		CS202210140_483	Splatter	Cluster	CL:0000540	neuron					NEUR		GLY VGLUT2			CHGA CHGB NAMPT NUCB NXPH PENK SCG TAC UBL VGF proSAAS	Pons: 99.4%, Medulla: 0.4%, Midbrain: 0.2%	Human DTg: 39.1%, Human PnRF: 35.2%, Human PB: 16.6%	SLC6A5, GLRA1, LINC01956, LGI2, EN1, LINC01798, ADGRD2, ASAH2, HOXB-AS1, MAB21L2	489.0	0.064762031	25574.6544	0.666166874	0.005617147	37.0	51.0	401.0	0.0	0.8200409	3.0		glutamatergic neuron	False	glut
340	mm_glutamatergic neuron	hs_340	0.369776381	CS202210140_341	Splat_340		CS202210140_483	Splatter	Cluster	CL:0000540	neuron					NEUR		VGLUT2			CBLN CCK CHGA CHGB IGF NAMPT NUCB NXPH SCG UBL VGF proSAAS	Pons: 88.3%, Midbrain: 9.5%, Thalamus: 1.6%	Human PB: 67.1%, Human DTg: 14.6%, Human PnEN: 5.1%	PTH2, ONECUT1, LHX9, MAB21L2, PRDM6, AC016044.1, DLK1, LINC01798, C1QL1, ONECUT3	547.0	0.075840023	23209.78428	0.625089726	0.004261797	40.0	81.0	426.0	0.0	0.778793419	3.0		glutamatergic neuron	False	glut
341	mm_glutamatergic neuron	hs_341	0.420948386	CS202210140_342	Splat_341		CS202210140_483	Splatter	Cluster	CL:0000540	neuron					NEUR		VGLUT2			CBLN CHGA CHGB NAMPT NUCB SCG UBL UCN proSAAS	Pons: 98.8%, Medulla: 1.2%, Cerebral cortex: 0.0%	Human DTg: 81.3%, Human PnEN: 11.1%, Human PnAN: 4.7%	EBF2, EBF3, AC079160.1, EBF1, DRGX, LINC01798, LINC01645, CNGA3, AC096719.1, LBX1-AS1	342.0	0.039585018	14503.43275	0.674472321	0.026441829	40.0	17.0	285.0	0.0	0.833333333	3.0		glutamatergic neuron	False	glut
342	mm_cerebellum glutamatergic neuron	hs_342	0.025627449	CS202210140_343	Splat_342		CS202210140_483	Splatter	Cluster	CL:0000540	neuron					NEUR		VGLUT2			ADCYAP ADM CBLN CHGA CHGB IGF NAMPT NUCB NXPH PYY SCG SPX UBL UCN VGF proSAAS	Cerebellum: 97.0%, Pons: 1.8%, Midbrain: 0.8%	Human CbDN: 97.0%, Human PnAN: 1.0%, Human PB: 0.6%	ASAH2, VENTXP1, AF130359.1, LTBP2, LINC01036, AC090993.1, AC007614.1, LINC01524, DIAPH3, AC087855.2	868.0	0.115885012	48453.24309	0.764922511	0.003425052	16.0	19.0	833.0	0.0	0.959677419	3.0		cerebellum glutamatergic neuron	False	glut
343	mm_glutamatergic neuron	hs_343	0.886443305	CS202210140_344	Splat_343		CS202210140_483	Splatter	Cluster	CL:0000540	neuron					NEUR		VGLUT2			CBLN CHGA CHGB NAMPT NPPC NTS NUCB SCG SST TRH UBL proSAAS	Medulla: 57.2%, Spinal cord: 34.1%, Pons: 5.9%	Human MoAN: 47.7%, Human SpC: 34.1%, Human MoSR: 9.2%	EBF2, DRGX, LMX1B, EBF1, MAFA, EBF3, HOXB7, HOXB3, AC024230.1, HOXD3	2797.0	0.033274013	13248.04219	0.636395836	0.005933203	124.0	281.0	2391.0	1.0	0.854844476	4.0		glutamatergic neuron	False	glut
344	mm_glutamatergic neuron	hs_344	0.577460578	CS202210140_345	Splat_344		CS202210140_483	Splatter	Cluster	CL:0000540	neuron					CHRP NEUR		VGLUT2			ADCYAP CBLN CHGA CHGB NAMPT NPFF NPPC NUCB NXPH SCG SST UBL proSAAS	Medulla: 61.0%, Spinal cord: 21.9%, Pons: 14.9%	Human MoAN: 29.1%, Human SpC: 21.9%, Human MoRF-MoEN: 17.3%	LMX1B, EBF3, EBF1, PHOX2B-AS1, HOXB3, AC009411.2, EBF2, AC018742.1, PHOX2B, TLX3	3736.0	0.053402852	13209.70584	0.684551795	0.007603374	257.0	865.0	2614.0	0.0	0.699678801	3.0		glutamatergic neuron	False	glut
345	mm_glutamatergic neuron	hs_345	0.772677173	CS202210140_346	Splat_345		CS202210140_483	Splatter	Cluster	CL:0000540	neuron					NEUR		VGLUT2			ADCYAP CALCB CBLN CHGA CHGB GRP NAMPT NMB NMU NPB NPPC NUCB PENK SCG SST TAC UBL proSAAS	Medulla: 52.3%, Spinal cord: 35.4%, Midbrain: 6.8%	Human MoAN: 42.2%, Human SpC: 35.4%, Human MoSR: 9.3%	LMX1B, DRGX, SKOR2, HOXB7, HOXB3, EBF3, EBF2, EBF1, TLX3, HOXD3	2720.0	0.04033493	12912.89375	0.628576641	0.006862824	275.0	326.0	2118.0	1.0	0.778676471	4.0		glutamatergic neuron	False	glut
346	mm_glutamatergic neuron	hs_346	0.315406698	CS202210140_347	Splat_346		CS202210140_483	Splatter	Cluster	CL:0000540	neuron					NEUR		VGLUT2			ADCYAP CBLN CHGA CHGB NAMPT NUCB NXPH PDYN PENK SCG SST TAC UBL proSAAS	Medulla: 60.2%, Spinal cord: 39.4%, Pons: 0.3%	Human SpC: 39.4%, Human MoAN: 34.3%, Human MoSR: 22.4%	LMX1B, HOXB3, HOXD3, AL161908.1, POU4F1, EBF3, HOXB7, HSPD1P8, NHLH1, TAC3	635.0	0.07656429	15984.95276	0.743946992	0.008409307	10.0	74.0	551.0	0.0	0.867716535	3.0		glutamatergic neuron	False	glut
347	mm_neuron	hs_347	0.514778782	CS202210140_348	Splat_347		CS202210140_483	Splatter	Cluster	CL:0000540	neuron					NEUR		GLY			CCK CHGA CHGB NAMPT NPPC NUCB NXPH PDYN PNOC SCG SST UBL proSAAS	Medulla: 68.6%, Spinal cord: 29.3%, Pons: 0.9%	Human MoAN: 33.4%, Human SpC: 29.3%, Human MoSR: 21.6%	PAX2, HOXB3, EBF3, NPPC, SLC6A5, HOXB7, AC024230.1, HOXB-AS3, PAX8, PDYN	2434.0	0.080558776	15555.01808	0.695708271	0.009509955	122.0	467.0	1845.0	0.0	0.758011504	3.0		neuron	True	none
348	mm_neuron	hs_348	0.588753238	CS202210140_349	Splat_348		CS202210140_483	Splatter	Cluster	CL:0000540	neuron					NEUR		GLY			CHGA CHGB NAMPT NPPC NPY NUCB NXPH PENK PNOC SCG SST UBL VGF proSAAS	Medulla: 65.6%, Spinal cord: 26.9%, Pons: 6.0%	Human MoAN: 39.0%, Human SpC: 26.9%, Human MoSR: 19.3%	HOXB3, PAX2, GBX1, HOXD3, GPC3, PAX8, NPPC, HOXB7, SLC6A5, SALL3	1861.0	0.076383629	17599.80924	0.699797445	0.006626438	140.0	362.0	1358.0	1.0	0.729715207	4.0		neuron	True	none
349	mm_neuron	hs_349	0.351547396	CS202210140_350	Splat_349		CS202210140_483	Splatter	Cluster	CL:0000540	neuron					NEUR		GLY			CHGA CHGB NAMPT NPPC NPY NUCB NXPH PNOC SCG SST TAC UBL VGF proSAAS	Medulla: 84.7%, Spinal cord: 12.7%, Pons: 1.7%	Human MoRF-MoEN: 42.5%, Human MoAN: 28.5%, Human MoSR: 13.7%	SLC6A5, PAX2, HOXB3, HOXD3, PAX8, LINC00540, HOXB2, HOXA3, MAB21L2, GBX2	1557.0	0.106741695	19051.20231	0.699017779	0.007075145	139.0	487.0	931.0	0.0	0.597944766	3.0		neuron	True	none
350	mm_neuron	hs_350	0.472021928	CS202210140_351	Splat_350		CS202210140_483	Splatter	Cluster	CL:0000540	neuron					NEUR		GLY			CART CHGA CHGB NAMPT NUCB NXPH PENK PNOC SCG UBL VGF proSAAS	Medulla: 98.2%, Spinal cord: 1.0%, Pons: 0.7%	Human MoRF-MoEN: 48.6%, Human MoAN: 35.1%, Human MoSR: 14.5%	SLC6A5, HOXB3, SKOR2, TFAP2A, LBX1-AS1, CRABP1, HOXA3, MAB21L2, HOXB2, HOXD3	3486.0	0.0790203	13275.77797	0.680921792	0.010192448	482.0	1238.0	1766.0	0.0	0.50659782	3.0		neuron	True	none
351	mm_GABAergic neuron	hs_351	0.220656615	CS202210140_352	Splat_351		CS202210140_483	Splatter	Cluster	CL:0000540	neuron					NEUR		GABA			CBLN CHGA CHGB IGF NAMPT NUCB NXPH PNOC SCG SST TAC UBL VGF proSAAS	Midbrain: 90.0%, Thalamus: 8.2%, Hypothalamus: 1.3%	Human SN-RN: 27.9%, Human PAG: 19.7%, Human PTR: 13.1%	LINC00261, FOXA2, TM4SF18, NDNF, PAX5, LINC01956, EMX2OS, ASAH2, EBF3, EMX2	559.0	0.136883875	26365.39714	0.675272913	0.011936879	173.0	173.0	213.0	0.0	0.381037567	3.0		GABAergic neuron	False	gaba
352	mm_GABAergic neuron	hs_352	0.352539409	CS202210140_353	Splat_352		CS202210140_483	Splatter	Cluster	CL:0000540	neuron							GABA			CHGA CHGB NAMPT NPPC NUCB NXPH PNOC SCG UBL proSAAS	Midbrain: 97.3%, Pons: 0.9%, Medulla: 0.8%	Human SC: 81.8%, Human IC: 10.4%, Human PAG-DR: 2.7%	LHX1, EBF1, EBF3, GATA3, TRAC, GATA3-AS1, PVALB, HAS2-AS1, HAS2, LHX1-DT	862.0	0.024857278	11072.56265	0.577338621	0.008174889	177.0	554.0	130.0	1.0	0.642691415	4.0		GABAergic neuron	False	gaba
353	mm_GABAergic neuron	hs_353	0.356178919	CS202210140_354	Splat_353		CS202210140_483	Splatter	Cluster	CL:0000540	neuron					NEUR		GABA			CBLN CHGA CHGB NAMPT NMB NPB NPY NUCB NXPH PENK PNOC POMC SCG TAC UBL VGF proSAAS	Thalamus: 97.2%, Midbrain: 2.2%, Hypothalamus: 0.5%	Human LG: 93.9%, Human VLN: 1.4%, Human CM-Pf: 1.1%	GATA3, FABP4, HPGD, LHX5-AS1, NPY, GATA3-AS1, LINC00237, AC096751.2, AL138899.1, NDNF	852.0	0.052162004	15660.21127	0.577230287	0.008837299	72.0	681.0	99.0	0.0	0.799295775	3.0		GABAergic neuron	False	gaba
354	mm_GABAergic neuron	hs_354	0.462518011	CS202210140_355	Splat_354		CS202210140_483	Splatter	Cluster	CL:0000540	neuron					NEUR		GABA			CBLN CHGA CHGB IGF NAMPT NMU NPPC NPY NUCB NXPH PNOC SCG TAC UBL UCN VGF proSAAS	Midbrain: 86.4%, Thalamus: 9.6%, Pons: 2.2%	Human PTR: 31.6%, Human SN-RN: 20.7%, Human SN: 19.1%	GATA3, LHX1, LHX1-DT, LHX5-AS1, GATA3-AS1, ASAH2, ST8SIA6, SAMD11, SIX3, GATA2	1441.0	0.115763572	27613.1839	0.669635659	0.004746582	472.0	685.0	284.0	0.0	0.47536433	3.0		GABAergic neuron	False	gaba
355	mm_GABAergic neuron	hs_355	0.750475549	CS202210140_356	Splat_355		CS202210140_483	Splatter	Cluster	CL:0000540	neuron					NEUR		GABA			CBLN CCK CHGA CHGB NAMPT NPPC NPY NUCB NXPH PENK PNOC SCG TAC UBL VGF proSAAS	Midbrain: 87.7%, Pons: 9.3%, Thalamus: 2.4%	Human IC: 35.8%, Human SC: 26.8%, Human PTR: 14.3%	PAX5, GATA3, LINC01956, LHX5-AS1, LINC01497, PAX7, LINC01210, GATA3-AS1, GATA2, LHX1	4371.0	0.070246418	22641.4658	0.655787148	0.007380762	1037.0	2028.0	1305.0	1.0	0.463967056	4.0		GABAergic neuron	False	gaba
356	mm_GABAergic neuron	hs_356	0.523335287	CS202210140_357	Splat_356		CS202210140_483	Splatter	Cluster	CL:0000540	neuron					NEUR		GABA			CBLN CCK CHGA CHGB IGF NAMPT NUCB NXPH PNOC SCG SST UBL VGF proSAAS	Midbrain: 67.5%, Pons: 20.1%, Thalamus: 9.5%	Human PTR: 30.3%, Human IC: 11.1%, Human SC: 8.1%	MECOM, COL8A1, GATA3, LHX5-AS1, AC005100.1, GATA3-AS1, LMO1, EBF3, GATA2, TFAP2A	6063.0	0.073026345	20860.0028	0.680196912	0.009537316	2277.0	2000.0	1783.0	3.0	0.375556655	4.0		GABAergic neuron	False	gaba
357	mm_GABAergic neuron	hs_357	0.683749849	CS202210140_358	Splat_357		CS202210140_483	Splatter	Cluster	CL:0000540	neuron					NEUR		GABA			CHGA CHGB NAMPT NMU NPPC NUCB NXPH PENK PNOC SCG UBL VGF proSAAS	Midbrain: 97.4%, Pons: 1.6%, Thalamus: 0.9%	Human SC: 32.6%, Human PTR: 30.3%, Human PAG: 17.5%	TFAP2B, EMX2, LINC01497, PAX7, EMX2OS, FAM9B, GATA3, AC005208.1, LEF1, LHX5-AS1	2674.0	0.063407867	21913.12378	0.657327081	0.006804551	995.0	1259.0	420.0	0.0	0.470830217	3.0		GABAergic neuron	False	gaba
358	mm_GABAergic neuron	hs_358	0.665364436	CS202210140_359	Splat_358		CS202210140_483	Splatter	Cluster	CL:0000540	neuron					NEUR		GABA			CBLN CCK CHGA CHGB NAMPT NMU NPPC NUCB NXPH PENK PNOC SCG TAC UBL VGF proSAAS	Midbrain: 91.5%, Thalamus: 7.8%, Pons: 0.4%	Human SC: 30.4%, Human PTR: 26.0%, Human PAG: 14.0%	TFAP2B, PAX3, GATA3, LINC01497, PAX7, AC005208.1, TFAP2A, LHX5-AS1, GATA3-AS1, AC025946.1	3175.0	0.049210456	18061.04724	0.656954918	0.007463224	1207.0	1476.0	490.0	2.0	0.46488189	4.0		GABAergic neuron	False	gaba
359	mm_GABAergic neuron	hs_359	0.681799425	CS202210140_360	Splat_359		CS202210140_483	Splatter	Cluster	CL:0000540	neuron					NEUR		GABA			CCK CHGA CHGB NAMPT NPPC NUCB NXPH SCG SST UBL VGF proSAAS	Midbrain: 99.1%, Thalamus: 0.4%, Pons: 0.3%	Human SC: 70.1%, Human IC: 14.3%, Human PTR: 8.5%	TFAP2B, PAX7, GATA3, TFAP2A, ADAMTS20, LHX5-AS1, EMX2, LINC01210, GATA3-AS1, AC025946.1	6660.0	0.039141447	12878.88544	0.633799261	0.00489726	1738.0	3957.0	962.0	3.0	0.594144144	4.0		GABAergic neuron	False	gaba
360	mm_GABAergic neuron	hs_360	0.587540479	CS202210140_361	Splat_360		CS202210140_483	Splatter	Cluster	CL:0000540	neuron					NEUR		GABA			CHGA CHGB NAMPT NPPC NUCB SCG TAC UBL proSAAS	Midbrain: 99.1%, Pons: 0.8%, Thalamus: 0.1%	Human SC: 87.1%, Human IC: 10.6%, Human PTR: 0.6%	IGFL1, AP000146.1, LINC01692, OTX2, GATA3, IRX2, DMBX1, COL6A2, IRX3, FST	1215.0	0.040679213	12616.59012	0.645326546	0.004343995	238.0	766.0	211.0	0.0	0.630452675	3.0		GABAergic neuron	False	gaba
361	mm_GABAergic neuron	hs_361	0.458926836	CS202210140_362	Splat_361		CS202210140_483	Splatter	Cluster	CL:0000540	neuron					NEUR		GABA			CBLN CCK CHGA CHGB IGF NAMPT NUCB NXPH PNOC SCG TAC UBL VGF proSAAS	Midbrain: 83.4%, Thalamus: 14.3%, Pons: 1.8%	Human PTR: 49.6%, Human PAG: 14.9%, Human ETH: 8.9%	LINC01497, GATA3, AC005208.1, KCNJ16, GATA2, AC074099.1, LINC01876, LHX5-AS1, SIX3, LHX1	1067.0	0.056901128	23691.62137	0.654141613	0.007232615	440.0	471.0	156.0	0.0	0.441424555	3.0		GABAergic neuron	False	gaba
362	mm_GABAergic neuron	hs_362	0.528497755	CS202210140_363	Splat_362		CS202210140_483	Splatter	Cluster	CL:0000540	neuron					NEUR		GABA			CHGA CHGB NAMPT NMU NUCB NXPH PNOC SCG TAC UBL VGF proSAAS	Pons: 39.4%, Cerebellum: 34.7%, Midbrain: 21.7%	Human CbDN: 34.7%, Human DTg: 24.0%, Human PTR: 8.7%	LHX5-AS1, OTP, LHX1, EBF3, S100A10, ZPLD1, ECEL1, LINC02520, AL359915.1, TRPC7	2288.0	0.073391081	22153.63156	0.662189116	0.009277275	753.0	315.0	1217.0	3.0	0.531905594	4.0		GABAergic neuron	False	gaba
363	mm_glutamatergic neuron	hs_363	0.715732349	CS202210140_364	Splat_363		CS202210140_483	Splatter	Cluster	CL:0000540	neuron					NEUR		VGLUT2			CHGA CHGB CRH NAMPT NUCB NXPH PENK PNOC SCG SST UBL proSAAS	Thalamus: 64.4%, Basal forebrain: 20.9%, Hypothalamus: 7.4%	Human ANC: 64.2%, Human SEP: 20.8%, Human BNST: 6.7%	EBF2, EBF3, AC009081.2, EOMES, CNGA3, AC092675.1, AC079160.1, GLP1R, ST8SIA6, CPA6	1482.0	0.036727986	14501.05938	0.69080713	0.008801321	548.0	674.0	260.0	0.0	0.454790823	3.0		glutamatergic neuron	False	glut
364	mm_glutamatergic neuron	hs_364	0.934035573	CS202210140_365	Splat_364		CS202210140_483	Splatter	Cluster	CL:0000540	neuron					NEUR		VGLUT2			ADCYAP CBLN CHGA CHGB NAMPT NUCB NXPH SCG TAC UBL VGF proSAAS	Midbrain: 99.6%, Thalamus: 0.2%, Medulla: 0.1%	Human IC: 97.5%, Human SC: 1.7%, Human PTR: 0.2%	TFAP2D, LHX9, LINC01956, HNF4G, TMEM176B, LINC01568, AL138720.1, IRX2, WDR72, ZFHX4-AS1	7200.0	0.077045102	25341.75389	0.692734781	0.005009776	1883.0	3334.0	1982.0	1.0	0.463055556	4.0		glutamatergic neuron	False	glut
365	mm_neuron	hs_365	0.402385253	CS202210140_366	Splat_365		CS202210140_483	Splatter	Cluster	CL:0000540	neuron					NEUR		GABA VGLUT2			ADCYAP CBLN CHGA CHGB NAMPT NUCB NXPH PENK SCG TAC UBL VGF proSAAS	Pons: 43.0%, Midbrain: 30.2%, Medulla: 17.1%	Human DTg: 13.8%, Human PnEN: 12.8%, Human MoRF-MoEN: 11.6%	SLC6A5, GLRA1, ONECUT1, LHX5-AS1, MAB21L2, LHX1, LINC01933, ASAH2, KLHL1, IGDCC4	28081.0	0.087567374	26060.9078	0.682137647	0.006825049	6139.0	7896.0	13967.0	79.0	0.497382572	4.0		neuron	True	glut+gaba
366	mm_glutamatergic neuron	hs_366	0.674661965	CS202210140_367	Splat_366		CS202210140_483	Splatter	Cluster	CL:0000540	neuron					NEUR		VGLUT2			ADCYAP CBLN CCK CHGA CHGB NAMPT NUCB NXPH SCG TAC UBL VGF proSAAS	Midbrain: 57.4%, Pons: 19.9%, Thalamus: 15.2%	Human PAG: 17.9%, Human PTR: 12.3%, Human ETH: 9.4%	EBF2, EBF3, EBF1, KLHL1, SHOX2, AC007656.2, TFAP2D, RMST, SLC17A6, NCAPG	11033.0	0.077710886	20917.50566	0.676399843	0.008701791	3277.0	4252.0	3492.0	12.0	0.385389287	4.0		glutamatergic neuron	False	glut
367	mm_glutamatergic neuron	hs_367	0.814866614	CS202210140_368	Splat_367		CS202210140_483	Splatter	Cluster	CL:0000540	neuron					NEUR		VGLUT2			ADCYAP CBLN CCK CHGA CHGB NAMPT NUCB NXPH SCG TAC UBL VGF proSAAS	Midbrain: 96.9%, Thalamus: 2.6%, Pons: 0.3%	Human SC: 38.5%, Human IC: 29.3%, Human PAG: 15.2%	LHX9, TFAP2D, TAC1, SAMD11, POU4F1, FAM9B, BARHL1, AC092114.1, SLC17A6, LINC01568	4065.0	0.057230426	19821.9877	0.65475785	0.004510535	1198.0	2111.0	756.0	0.0	0.519311193	3.0		glutamatergic neuron	False	glut
368	mm_glutamatergic neuron	hs_368	0.835827437	CS202210140_369	Splat_368		CS202210140_483	Splatter	Cluster	CL:0000540	neuron					NEUR		VGLUT2			ADCYAP CBLN CCK CHGA CHGB NAMPT NUCB NXPH SCG TAC UBL VGF proSAAS	Midbrain: 84.5%, Thalamus: 13.4%, Pons: 1.5%	Human PTR: 24.0%, Human PAG: 18.1%, Human IC: 15.7%	EBF3, TFAP2B, TFAP2D, LHX9, BNC2, EBF1, EBF2, ONECUT1, KLHL1, SCN7A	10857.0	0.060360255	22312.57788	0.670460705	0.007031991	3919.0	4633.0	2305.0	0.0	0.426729299	3.0		glutamatergic neuron	False	glut
369	mm_glutamatergic neuron	hs_369	0.69057187	CS202210140_370	Splat_369		CS202210140_483	Splatter	Cluster	CL:0000540	neuron					NEUR		VGLUT2			CBLN CCK CHGA CHGB NAMPT NTS NUCB NXPH SCG TAC UBL VGF proSAAS	Midbrain: 96.5%, Thalamus: 2.3%, Pons: 0.6%	Human PTR: 42.2%, Human SC: 39.6%, Human IC: 6.3%	TFAP2B, FOXB1, LHX9, TFAP2D, SHOX2, NTS, EBF3, FAM9B, LEF1, AC074237.1	2975.0	0.054954353	20270.93815	0.656873196	0.005595661	961.0	1598.0	414.0	2.0	0.537142857	4.0		glutamatergic neuron	False	glut
370	mm_glutamatergic neuron	hs_370	0.782277008	CS202210140_371	Splat_370		CS202210140_483	Splatter	Cluster	CL:0000540	neuron					NEUR		VGLUT2			ADCYAP CCK CHGA CHGB NAMPT NUCB NXPH PENK SCG TAC UBL proSAAS	Midbrain: 98.8%, Pons: 0.5%, Thalamus: 0.5%	Human SC: 76.1%, Human IC: 11.3%, Human PTR: 7.9%	EBF2, TFAP2B, EBF3, EBF1, LHX9, POU4F1, HSPD1P8, LEF1, TFAP2D, LGR5	3622.0	0.037646928	15025.90641	0.625933764	0.003283069	773.0	2238.0	610.0	1.0	0.617890668	4.0		glutamatergic neuron	False	glut
371	mm_glutamatergic neuron	hs_371	0.517958116	CS202210140_372	Splat_371		CS202210140_483	Splatter	Cluster	CL:0000540	neuron					NEUR		VGLUT2			ADCYAP CART CCK CHGA CHGB CRH NAMPT NTS NUCB NXPH SCG UBL VGF proSAAS	Midbrain: 99.7%, Cerebellum: 0.3%, Cerebral cortex: 0.0%	Human SC: 93.5%, Human IC: 6.0%, Human PAG-DR: 0.3%	CPA6, BNC2, NPSR1, EBF2, PGM5, OTOS, SHISAL2B, EBF1, LEF1, TAGLN2	398.0	0.018885548	14967.53769	0.544380096	0.003532163	42.0	281.0	75.0	0.0	0.706030151	3.0		glutamatergic neuron	False	glut
373	mm_glutamatergic neuron	hs_373	0.69417003	CS202210140_374	Splat_373		CS202210140_483	Splatter	Cluster	CL:0000540	neuron					NEUR		VGLUT2			ADCYAP CART CBLN CCK CHGA CHGB NAMPT NMB NPB NUCB NXPH PTH SCG TAC UBL VGF proSAAS	Midbrain: 61.4%, Thalamus: 36.6%, Amygdala: 0.7%	Human PTR: 32.8%, Human MG: 13.0%, Human SN-RN: 9.9%	PTH2, SHOX2, LHX9, FAM230I, SAMD11, VWA5B1, CALB2, NPB, LINC01920, AC074237.1	3543.0	0.075242053	26913.5247	0.663933505	0.006045349	1084.0	1854.0	605.0	0.0	0.523285351	3.0		glutamatergic neuron	False	glut
374	mm_glutamatergic neuron	hs_374	0.563739047	CS202210140_375	Splat_374		CS202210140_483	Splatter	Cluster	CL:0000540	neuron					NEUR		VGLUT2			ADCYAP CALCB CBLN CCK CHGA CHGB NAMPT NMB NPB NUCB NXPH SCG UBL VGF proSAAS	Pons: 77.9%, Midbrain: 19.6%, Medulla: 2.0%	Human PB: 67.0%, Human PTR: 16.2%, Human DTg: 8.6%	LMX1A, TFAP2B, LMX1B, CALCB, CALCA, EBF2, AC007614.1, ONECUT1, BNC2, CBLN1	1666.0	0.092682061	23011.90996	0.658702806	0.005014933	256.0	417.0	993.0	0.0	0.596038415	3.0		glutamatergic neuron	False	glut
375	mm_glutamatergic neuron	hs_375	0.81492173	CS202210140_376	Splat_375		CS202210140_483	Splatter	Cluster	CL:0000540	neuron					NEUR		VGLUT2 VGLUT3			ADCYAP CBLN CCK CHGA CHGB CRH NAMPT NUCB SCG UBL VGF proSAAS	Thalamus: 94.3%, Midbrain: 5.4%, Pons: 0.1%	Human ETH: 77.2%, Human MD-Re: 14.9%, Human PAG-DR: 3.3%	GPR151, POU4F1, MMRN1, DLK1, LHX9, LRRC55, LINC01497, EBF1, LINC01876, ONECUT1	2762.0	0.047061997	23135.27625	0.656182255	0.017456071	1240.0	990.0	531.0	1.0	0.448950036	4.0		glutamatergic neuron	False	glut
376	mm_glutamatergic neuron	hs_376	0.373469812	CS202210140_377	Splat_376		CS202210140_483	Splatter	Cluster	CL:0000540	neuron					NEUR		VGLUT2			ADCYAP AVP CBLN CCK CHGA CHGB NAMPT NUCB NXPH SCG TAC TRH UBL VGF proSAAS	Hypothalamus: 51.0%, Midbrain: 37.9%, Thalamus: 6.6%	Human SN-RN: 18.1%, Human HTHma: 17.5%, Human HTHso-HTHtub: 14.7%	TRH, LMX1A, SIM1, OTP, MIR217HG, FEZF1-AS1, ONECUT1, DLK1, PITX2, ONECUT3	2573.0	0.095297073	24303.61718	0.702475747	0.011117472	457.0	1716.0	400.0	0.0	0.666925768	3.0		glutamatergic neuron	False	glut
377	mm_glutamatergic neuron	hs_377	0.558367957	CS202210140_378	Splat_377		CS202210140_483	Splatter	Cluster	CL:0000540	neuron					NEUR		VGLUT2			ADCYAP AVP CBLN CHGA CHGB NAMPT NUCB NXPH SCG TRH UBL VGF proSAAS	Hypothalamus: 33.0%, Amygdala: 32.4%, Thalamus: 31.4%	Human BNST: 32.1%, Human ANC: 30.6%, Human HTHpo: 14.3%	MIR217HG, AGTR1, ARHGAP36, DLK1, ONECUT3, LHX5-AS1, C14orf39, TFPI, CALCR, ONECUT1	1964.0	0.070496409	22269.86914	0.679625422	0.01913758	894.0	530.0	540.0	0.0	0.455193483	3.0		glutamatergic neuron	False	glut
378	mm_glutamatergic neuron	hs_378	0.16792622	CS202210140_379	Splat_378		CS202210140_483	Splatter	Cluster	CL:0000540	neuron					NEUR		HDC VGLUT2			CBLN CHGA CHGB NAMPT NUCB NXPH SCG UBL proSAAS	Amygdala: 29.4%, Basal forebrain: 25.2%, Hypothalamus: 22.3%	Human BNST: 27.8%, Human ANC: 18.1%, Human SEP: 16.8%	ONECUT3, C14orf39, ONECUT1, MIR217HG, ISL1, VWA5B1, AC022433.1, AC092957.1, COL15A1, AC010478.1	493.0	0.083316952	20166.21704	0.682734161	0.01580532	139.0	180.0	174.0	0.0	0.365111562	3.0		glutamatergic neuron	False	glut
379	mm_neuron	hs_379	0.119570673	CS202210140_380	Splat_379		CS202210140_483	Splatter	Cluster	CL:0000540	neuron					NEUR		GLY			CBLN CHGA CHGB NAMPT NUCB NXPH SCG SST UBL VGF proSAAS	Pons: 99.2%, Medulla: 0.8%, Cerebral cortex: 0.0%	Human PnEN: 45.0%, Human DTg: 31.7%, Human PnRF: 17.5%	OTP, SLC6A5, EBF2, GLI2, MAB21L2, EBF1, GPR101, AC022034.3, HEPACAM2, NPBWR1	120.0	0.122228723	22141.66667	0.66711332	0.007904743	26.0	7.0	87.0	0.0	0.725	3.0		neuron	True	none
380	mm_neuron	hs_380	0.234307496	CS202210140_381	Splat_380		CS202210140_483	Splatter	Cluster	CL:0000540	neuron					NEUR		GLY			CHGA CHGB NAMPT NUCB NXPH PENK PNOC SCG SST UBL VGF proSAAS	Pons: 62.5%, Medulla: 34.7%, Spinal cord: 1.1%	Human PnEN: 23.4%, Human MoRF-MoEN: 17.0%, Human PB: 15.8%	SLC6A5, PAX2, EBF3, OTP, TFAP2A, HOXB3, LINC01297, LBX1-AS1, LHX5-AS1, EBF2	4748.0	0.090047964	16800.49937	0.684167736	0.010061966	762.0	999.0	2986.0	1.0	0.628896377	4.0		neuron	True	none
381	mm_GABAergic neuron	hs_381	0.449738447	CS202210140_382	Splat_381		CS202210140_483	Splatter	Cluster	CL:0000540	neuron					NEUR		GABA			CHGA CHGB NAMPT NUCB NXPH PENK PNOC SCG SST UBL VGF proSAAS	Pons: 83.9%, Midbrain: 15.4%, Medulla: 0.5%	Human DTg: 34.1%, Human PB: 30.1%, Human PnEN: 16.2%	EBF2, OTP, PAX7, PAX3, SLC5A7, EBF1, PENK, LHX5-AS1, AP005242.1, AC124864.2	1544.0	0.082989287	16328.59067	0.666623728	0.009305176	475.0	224.0	845.0	0.0	0.547279793	3.0		GABAergic neuron	False	gaba
382	mm_glutamatergic neuron	hs_382	0.386008386	CS202210140_383	Splat_382		CS202210140_483	Splatter	Cluster	CL:0000540	neuron					NEUR		VGLUT2			ADCYAP CCK CHGA CHGB IGF NAMPT NUCB NXPH SCG SST UBL VGF proSAAS	Amygdala: 32.1%, Hypothalamus: 30.4%, Basal forebrain: 21.9%	Human BNST: 19.6%, Human SI: 14.2%, Human HTHpo: 13.5%	FST, LINC00348, CALCR, RSPO3, KCNJ5, DMRTA2, LHX5-AS1, PGM5, LHX5, FAM9B	713.0	0.091147498	26904.32258	0.723951502	0.016928042	120.0	292.0	301.0	0.0	0.422159888	3.0		glutamatergic neuron	False	glut
383	mm_glutamatergic neuron	hs_383	0.636426024	CS202210140_384	Splat_383		CS202210140_483	Splatter	Cluster	CL:0000540	neuron					NEUR		VGLUT2 VGLUT3			ADCYAP CBLN CCK CHGA CHGB NAMPT NUCB NXPH PTHLH SCG TAC UBL VGF proSAAS	Hypothalamus: 68.0%, Midbrain: 24.6%, Thalamus: 6.6%	Human HTHma: 35.5%, Human MN: 17.1%, Human HTHma-HTHtub: 15.2%	LMX1A, PITX2, EBF2, EBF3, AP005242.1, FOXA1, LMX1B, LINC01443, LINC01876, AC022034.3	4024.0	0.080906357	24660.16849	0.689954654	0.011039189	386.0	2819.0	819.0	0.0	0.70054672	3.0		glutamatergic neuron	False	glut
384	mm_glutamatergic neuron	hs_384	0.692532195	CS202210140_385	Splat_384		CS202210140_483	Splatter	Cluster	CL:0000540	neuron					NEUR		VGLUT2			ADCYAP CBLN CCK CHGA CHGB NAMPT NTS NUCB NXPH SCG TAC UBL VGF proSAAS	Hypothalamus: 43.2%, Midbrain: 39.3%, Pons: 9.4%	Human SN: 20.0%, Human SN-RN: 17.3%, Human HTHma-HTHtub: 17.0%	NTS, LMX1A, PITX2, LMX1B, CDH23, PANCR, GIPR, FOXA1, LINC02520, AL161908.1	3100.0	0.097310025	21753.69968	0.675332695	0.004834016	408.0	2090.0	602.0	0.0	0.674193548	3.0		glutamatergic neuron	False	glut
385	mm_glutamatergic neuron	hs_385	0.588871739	CS202210140_386	Splat_385		CS202210140_483	Splatter	Cluster	CL:0000540	neuron					NEUR		VGLUT2			ADCYAP CART CBLN CCK CHGA CHGB NAMPT NUCB NXPH PDYN SCG SST TAC UBL VGF proSAAS	Hypothalamus: 93.4%, Midbrain: 4.5%, Amygdala: 0.8%	Human HTHma-HTHtub: 46.9%, Human HTHtub: 19.6%, Human HTHma: 9.9%	LMX1A, LMX1B, LINC01667, CARTPT, IRX3, CRNDE, AR, TMEM255A, GABRE, IRX6	1800.0	0.0683762	24261.70389	0.741406314	0.00691895	250.0	1109.0	441.0	0.0	0.616111111	3.0		glutamatergic neuron	False	glut
386	mm_glutamatergic neuron	hs_386	0.014501803	CS202210140_387	Splat_386		CS202210140_483	Splatter	Cluster	CL:0000540	neuron					NEUR		VGLUT2			ADCYAP CBLN CHGA CHGB NAMPT NUCB NXPH SCG VGF proSAAS	Medulla: 98.2%, Pons: 1.2%, Midbrain: 0.6%	Human MoRF-MoEN: 55.1%, Human MoSR: 38.9%, Human MoAN: 4.2%	TACR3, LINC01876, AC074099.1, HOXB3, HSPD1P8, POU4F1, PGR-AS1, PGR, LINC02742, HOXA3	167.0	0.081186032	16491.4012	0.774775272	0.010904692	3.0	20.0	144.0	0.0	0.862275449	3.0		glutamatergic neuron	False	glut
387	mm_glutamatergic neuron	hs_387	0.506980266	CS202210140_388	Splat_387		CS202210140_483	Splatter	Cluster	CL:0000540	neuron					NEUR		VGLUT2			ADCYAP CBLN CCK CHGA CHGB NAMPT NMB NPB NUCB NXPH PENK SCG UBL proSAAS	Pons: 89.9%, Midbrain: 8.9%, Medulla: 0.7%	Human PB: 68.9%, Human DTg: 16.1%, Human PAG: 7.9%	PAX5, EBF2, LINC01798, AC090993.1, F13A1, DLK1, AC004080.1, TMEM255A, GLP1R, EBF3	1804.0	0.096886679	21178.26552	0.696351358	0.006603874	304.0	314.0	1186.0	0.0	0.657427938	3.0		glutamatergic neuron	False	glut
388	mm_glutamatergic neuron	hs_388	0.308164843	CS202210140_389	Splat_388		CS202210140_483	Splatter	Cluster	CL:0000540	neuron					NEUR		VGLUT2			ADCYAP CBLN CCK CHGA CHGB NAMPT NMU NUCB NXPH SCG SST UBL VGF proSAAS	Pons: 90.9%, Hypothalamus: 4.1%, Amygdala: 3.6%	Human PnEN: 81.7%, Human PnAN: 4.6%, Human DTg: 4.1%	LINC01798, SCTR, LHX5-AS1, VSX2, APELA, VWA5B1, HPGD, LINC01828, LINC01799, ADCYAP1	197.0	0.034788482	16118.00508	0.630962868	0.005963364	7.0	23.0	167.0	0.0	0.847715736	3.0		glutamatergic neuron	False	glut
389	mm_GABAergic neuron	hs_389	0.393764391	CS202210140_390	Splat_389		CS202210140_483	Splatter	Cluster	CL:0000540	neuron					NEUR		GABA			CBLN CCK CHGA CHGB NAMPT NUCB NXPH PNOC SCG SST TAC UBL VGF proSAAS	Pons: 67.3%, Midbrain: 29.6%, Thalamus: 2.4%	Human PnEN: 56.0%, Human PAG: 12.6%, Human DTg: 9.7%	NMB, GATA3, AL121974.1, IRX2, CALCR, GATA2, TACR3, TRPM8, VWA5B1, LMO1	759.0	0.053858622	20991.77602	0.675485509	0.006575672	161.0	103.0	495.0	0.0	0.652173913	3.0		GABAergic neuron	False	gaba
390	mm_GABAergic neuron	hs_390	0.535476291	CS202210140_391	Splat_390		CS202210140_483	Splatter	Cluster	CL:0000540	neuron					NEUR		GABA			CBLN CCK CHGA CHGB NAMPT NMB NPB NPPC NUCB NXPH PNOC SCG SST UBL VGF proSAAS	Thalamus: 81.4%, Amygdala: 5.6%, Pons: 5.3%	Human LG: 42.0%, Human ANC: 34.7%, Human BNST: 5.4%	ECEL1, SST, LINC00540, PAX6, DLK1, ARHGAP36, EGFL6, GPC3, LHX1, SIX3	3366.0	0.055392634	15378.33601	0.629334684	0.010880406	1102.0	1734.0	530.0	0.0	0.515151515	3.0		GABAergic neuron	False	gaba
391	mm_GABAergic neuron	hs_391	0.196048567	CS202210140_392	Splat_391		CS202210140_483	Splatter	Cluster	CL:0000540	neuron					NEUR		GABA			AVP CHGA CHGB NAMPT NUCB NXPH SCG UBL proSAAS	Hypothalamus: 92.3%, Thalamus: 3.3%, Midbrain: 2.8%	Human HTHpo-HTHso: 48.5%, Human HTHma-HTHtub: 13.7%, Human HTHma: 12.2%	SFRP1, AVP, PDGFD, AL158013.1, EGFL6, ABI3BP, GBX1, NFIA-AS2, AC008415.1, LINC01938	827.0	0.041204856	11495.77509	0.601724783	0.012068432	471.0	291.0	65.0	0.0	0.569528416	3.0		GABAergic neuron	False	gaba
392	mm_medial ganglionic eminence derived GABAergic cortical interneuron	hs_392	0.423735586	CS202210140_393	Splat_392		CS202210140_483	Splatter	Cluster	CL:0000540	neuron					NEUR		GABA			CHGA CHGB IGF NAMPT NUCB NXPH PENK SCG SST UBL UCN VGF proSAAS	Amygdala: 39.6%, Basal forebrain: 32.7%, Hypothalamus: 21.2%	Human BNST: 24.0%, Human SI: 17.5%, Human HTHpo: 11.4%	LHX8, GBX1, FGF10-AS1, FGF10, STAC, LHX6, DIAPH3, ELFN1, LINC00886, ASAH2	2659.0	0.100353649	36506.67845	0.70829226	0.018068414	541.0	1108.0	1009.0	1.0	0.416698007	4.0		medial ganglionic eminence derived GABAergic cortical interneuron	False	gaba
393	mm_GABAergic neuron	hs_393	0.82421752	CS202210140_394	Splat_393		CS202210140_483	Splatter	Cluster	CL:0000540	neuron					NEUR		GABA			CBLN CHGA CHGB IGF NAMPT NMU NUCB NXPH PNOC SCG SST UBL VGF proSAAS	Thalamus: 76.5%, Hypothalamus: 10.6%, Midbrain: 6.0%	Human ANC: 35.5%, Human VLN: 13.9%, Human LG: 9.9%	AC006065.4, ISL1, LINC00943, LINC02058, SST, AC010478.1, SIX3, AC093298.2, COL8A1, INHBB	2754.0	0.079361549	26838.24074	0.712511205	0.008330964	473.0	1812.0	468.0	1.0	0.65795207	4.0		GABAergic neuron	False	gaba
394	mm_glutamatergic neuron	hs_394	0.568120095	CS202210140_395	Splat_394		CS202210140_483	Splatter	Cluster	CL:0000540	neuron					NEUR		VGLUT2			ADCYAP CBLN CCK CHGA CHGB NAMPT NMB NPB NUCB NXPH SCG TAC UBL VGF proSAAS	Pons: 92.2%, Midbrain: 6.7%, Medulla: 0.5%	Human PB: 78.3%, Human DTg: 10.3%, Human PAG: 4.6%	NPS, LINC01798, IRX4, SLC5A7, LHX9, AC006296.3, AC074099.1, IRX2, LINC01876, TH	1791.0	0.097247442	22616.74093	0.658984519	0.003890343	146.0	402.0	1243.0	0.0	0.694025684	3.0		glutamatergic neuron	False	glut
395	mm_midbrain dopaminergic neuron	hs_395	0.778494409	CS202210140_396	Splat_395		CS202210140_483	Splatter	Cluster	CL:0000540	neuron					NEUR		DA VGLUT2			CALCB CBLN CCK CHGA CHGB GRP IGF NAMPT NMB NPB NUCB NXPH SCG TAC UBL proSAAS	Midbrain: 92.6%, Hypothalamus: 6.5%, Thalamus: 0.7%	Human SN-RN: 58.2%, Human SN: 19.2%, Human PAG-DR: 6.2%	SLC6A3, LINC01956, TH, EN1, SLC18A2, LMX1B, SLC18A1, LMX1A, LINC00261, ASB4	998.0	0.129657561	31856.31764	0.685947498	0.006466242	287.0	425.0	286.0	0.0	0.425851703	3.0		midbrain dopaminergic neuron	False	glut
396	mm_glutamatergic neuron	hs_396	0.319238676	CS202210140_397	Splat_396		CS202210140_483	Splatter	Cluster	CL:0000540	neuron					NEUR		VGLUT3			ADCYAP CBLN CHGA CHGB NAMPT NUCB NXPH PENK SCG SST TAC UBL VGF proSAAS	Pons: 66.2%, Midbrain: 31.2%, Hypothalamus: 1.2%	Human DTg: 32.0%, Human PnEN: 26.2%, Human PAG: 17.4%	LMX1B, FEV, TPH2, SLC17A8, RLN3, GATA3, LINC01956, SLC6A4, GATA2, VWA5B1	1608.0	0.099405015	24730.14241	0.698119329	0.010415398	580.0	76.0	952.0	0.0	0.592039801	3.0		glutamatergic neuron	False	glut
397	mm_neuron	hs_397	0.583370095	CS202210140_398	Splat_397		CS202210140_483	Splatter	Cluster	CL:0000540	neuron					NEUR		SER VGLUT3			ADCYAP CBLN CCK CHGA CHGB NAMPT NMB NPB NUCB NXPH SCG TAC UBL VGF proSAAS	Pons: 80.1%, Medulla: 8.1%, Midbrain: 7.6%	Human PnRF: 26.5%, Human PnEN: 26.2%, Human DTg: 23.2%	TPH2, SLC6A4, FEV, SLC18A2, LMX1B, DDC, GATA3, NDNF, VWA5B1, AMIGO2	1316.0	0.097139029	37594.40046	0.68318009	0.007235712	290.0	115.0	911.0	0.0	0.69224924	3.0		neuron	True	glut
398	mm_glutamatergic neuron	hs_398	0.525527074	CS202210140_399	Splat_398		CS202210140_483	Splatter	Cluster	CL:0000540	neuron					NEUR		VGLUT2			ADCYAP CART CBLN CCK CHGA CHGB GAL NAMPT NUCB NXPH SCG TAC UBL VGF proSAAS	Medulla: 86.6%, Pons: 12.8%, Midbrain: 0.2%	Human MoRF-MoEN: 40.5%, Human MoAN: 37.3%, Human MoSR: 8.9%	PHOX2B-AS1, PHOX2B, LINC00682, HOXB3, SLC5A7, SLC6A2, GAL, TH, PHOX2A, HOTAIRM1	2093.0	0.108215209	24090.2193	0.703313566	0.010615452	123.0	914.0	1056.0	0.0	0.504538939	3.0		glutamatergic neuron	False	glut
399	mm_glutamatergic neuron	hs_399	0.499693573	CS202210140_400	Splat_399		CS202210140_483	Splatter	Cluster	CL:0000540	neuron					NEUR		VGLUT2			ADCYAP CART CHGA CHGB GAL NAMPT NPFF NUCB NXPH SCG TAC TRH UBL VGF proSAAS	Medulla: 99.3%, Pons: 0.5%, Cerebral cortex: 0.1%	Human MoAN: 42.7%, Human MoRF-MoEN: 36.3%, Human MoSR: 20.3%	PHOX2B-AS1, PHOX2B, TFAP2B, C5orf58, NPFF, LINC00682, HOXB3, LMX1B, DBH, RP1	1007.0	0.102296023	14398.8282	0.684717968	0.01007749	210.0	422.0	375.0	0.0	0.419066534	3.0		glutamatergic neuron	False	glut
400	mm_cholinergic neuron	hs_400	0.39225335	CS202210140_401	Splat_400		CS202210140_483	Splatter	Cluster	CL:0000540	neuron					NEUR		CHOL VGLUT3			CHGA CHGB GNRH IGF NAMPT NPPC NUCB PENK SCG UBL VGF proSAAS	Basal forebrain: 54.0%, Amygdala: 22.9%, Hypothalamus: 14.7%	Human SI: 18.9%, Human BNST: 13.9%, Human HTHpo: 11.7%	SLC5A7, LHX8, CHAT, NTRK1, ECEL1, ISL1, AC091576.1, INSRR, OR8A1, CNBD1	769.0	0.107597056	49153.69831	0.712763714	0.017177038	171.0	269.0	329.0	0.0	0.427828349	3.0		cholinergic neuron	False	glut+chol
401	mm_olfactory granule cell	hs_401	0.496151071	CS202210140_402	Misc_401		CS202210140_463	Miscellaneous	Cluster	CL:0000000	cell					NEUR		VGLUT2			CCK CHGB proSAAS	Hippocampus: 76.2%, Amygdala: 19.4%, Cerebral cortex: 4.4%	Human CA1U-CA2U-CA3U: 73.9%, Human BL: 8.9%, Human CMN: 7.1%	FST, SOX11, AC087516.2, BHLHE22, AL138826.1, LINC01163, SOX4, AC012409.2, AC112236.1, GPC2	2038.0	0.023096173	3240.505888	0.623747225	0.003817101	143.0	1626.0	269.0	0.0	0.797841021	3.0		olfactory granule cell	False	glut
402	mm_GABAergic neuron	hs_402	0.069143989	CS202210140_403	Splat_402		CS202210140_483	Splatter	Cluster	CL:0000540	neuron					NEUR		GABA			AVP CHGA CHGB NAMPT NUCB SCG SST UBL VGF proSAAS	Midbrain: 58.2%, Hypothalamus: 41.6%, Amygdala: 0.1%	Human SN: 58.2%, Human HTHtub: 19.4%, Human HTHso-HTHtub: 19.2%	C14orf39, LMNTD1, AC004704.1, OTP, ISL1, P2RX2, LINC01920, FAM238B, AC010478.1, SLC10A4	1764.0	0.086274862	18826.64229	0.688837084	0.005711501	322.0	1098.0	344.0	0.0	0.62244898	3.0		GABAergic neuron	False	gaba
403	mm_olfactory granule cell	hs_403	0.906070812	CS202210140_404	Splat_403		CS202210140_483	Splatter	Cluster	CL:0000540	neuron					NEUR		GABA			CCK CHGB CORT NAMPT NUCB NXPH PENK SCG TAC VGF proSAAS	Cerebral cortex: 45.6%, Amygdala: 33.5%, Hypothalamus: 9.8%	Human AON: 25.7%, Human CoA: 18.1%, Human Pir: 14.1%	FRMD7, TRDN, AC007422.1, KANK3, CACNG5, SP8, ROR2, LINC01812, LINC01411, SCGN	2608.0	0.023464482	10997.65989	0.701650294	0.008320448	893.0	558.0	1156.0	1.0	0.443251534	4.0		olfactory granule cell	False	gaba
404	mm_L2/3 intratelencephalic projecting glutamatergic neuron	hs_404	0.08201023	CS202210140_405	Misc_404		CS202210140_463	Miscellaneous	Cluster	CL:0000000	cell					NEUR		VGLUT1			CBLN CCK CHGA CHGB IGF NAMPT NUCB NXPH SCG SST TAC VGF proSAAS	Cerebral cortex: 94.4%, Amygdala: 2.5%, Basal forebrain: 1.2%	Human A14: 60.0%, Human M1C: 11.2%, Human A43: 3.2%	AC016687.2, AC021134.1, LINC02378, LINC02263, LINC01915, CXCL14, AL033539.2, AC004862.1, AC073578.2, LINC02306	1276.0	0.066025268	11870.4326	0.721757015	0.00524338	132.0	86.0	1006.0	52.0	0.788401254	4.0		L2/3 intratelencephalic projecting glutamatergic neuron	False	glut
409	mm_olfactory granule cell	hs_409	0.103304558	CS202210140_410	Splat_409		CS202210140_483	Splatter	Cluster	CL:0000540	neuron					NEUR		GABA			CALCB CBLN CHGA CHGB NAMPT NUCB NXPH SCG SST TAC TRH UBL proSAAS	Basal forebrain: 66.5%, Amygdala: 14.2%, Thalamus: 9.9%	Human CaB: 17.8%, Human SI: 13.0%, Human NAC: 11.5%	GLP1R, CRABP1, CER1, TAC3, AL096799.1, TRH, LINC02203, NANOS1, NPR3, CHRNA3	6395.0	0.030020696	14166.57029	0.65865173	0.01125453	1928.0	2386.0	2076.0	5.0	0.373103987	4.0		olfactory granule cell	False	gaba
410	mm_glutamatergic neuron	hs_410	0.739765965	CS202210140_411	Splat_410		CS202210140_483	Splatter	Cluster	CL:0000540	neuron					NEUR		VGLUT2			AVP CART CBLN CHGA CHGB CRH HCRT NAMPT NMB NPB NUCB OXT PENK SCG SST TRH UBL VGF proSAAS	Hypothalamus: 82.0%, Thalamus: 11.6%, Amygdala: 5.2%	Human HTHpo-HTHso: 58.9%, Human HTHtub: 15.3%, Human ANC: 11.5%	AVP, OXT, HCRT, SIM1, OTP, TRH, CARTPT, TH, AC092675.1, PGF	2511.0	0.072124883	18457.62206	0.608802724	0.022641397	1162.0	805.0	544.0	0.0	0.462763839	3.0		glutamatergic neuron	False	glut
411	mm_glutamatergic neuron	hs_411	0.394698838	CS202210140_412	Splat_411		CS202210140_483	Splatter	Cluster	CL:0000540	neuron					NEUR		VGLUT2			AVP CBLN CCK CHGA CHGB GRP NAMPT NPY NUCB NXPH PDYN SCG UBL VGF proSAAS	Hypothalamus: 99.2%, Amygdala: 0.2%, Midbrain: 0.2%	Human HTHma-HTHtub: 37.3%, Human HTHpo-HTHso: 36.7%, Human MN: 10.8%	PPP1R17, GABRE, ECEL1, LHX5-AS1, PRDM13, RERGL, RADX, KC877982.1, PIK3C2G, SLITRK6	1665.0	0.026320874	10490.55435	0.60872052	0.011185037	888.0	684.0	92.0	1.0	0.533333333	4.0		glutamatergic neuron	False	glut
412	mm_GABAergic neuron	hs_412	0.387207461	CS202210140_413	Splat_412		CS202210140_483	Splatter	Cluster	CL:0000540	neuron					NEUR		GABA HDC VGLUT2			CBLN CHGA CHGB NAMPT NUCB NXPH SCG SST TAC UBL VGF proSAAS	Hypothalamus: 97.4%, Midbrain: 2.2%, Thalamus: 0.3%	Human MN: 45.2%, Human HTHma-HTHtub: 26.3%, Human HTHtub: 14.1%	PMCH, AC022433.1, ISL1, TBX3, AC010478.1, C14orf39, AC026765.3, GAL, VWA5B1, RADX	5062.0	0.051986311	27352.23469	0.733283966	0.006160911	2430.0	1880.0	752.0	0.0	0.480047412	3.0		GABAergic neuron	False	glut+gaba
413	mm_glutamatergic neuron	hs_413	0.441662955	CS202210140_414	Splat_413		CS202210140_483	Splatter	Cluster	CL:0000540	neuron					NEUR		VGLUT2			ADCYAP CBLN CCK CHGA CHGB NAMPT NTS NUCB NXPH SCG UBL proSAAS	Hypothalamus: 92.1%, Midbrain: 5.8%, Pons: 1.4%	Human MN: 38.6%, Human HTHma-HTHtub: 21.6%, Human HTHma: 18.2%	SIM1, PITX2, EBF3, AL158013.1, LHX1-DT, NTS, LHX1, ADGRG4, PANCR, FOXB1	4634.0	0.045341024	21076.17954	0.720596881	0.006496963	2120.0	2036.0	478.0	0.0	0.457488131	3.0		glutamatergic neuron	False	glut
414	mm_glutamatergic neuron	hs_414	0.547833043	CS202210140_415	Splat_414		CS202210140_483	Splatter	Cluster	CL:0000540	neuron					NEUR		VGLUT2			ADCYAP CBLN CCK CHGA CHGB NAMPT NMB NPB NUCB NXPH PENK SCG SST TAC UBL VGF proSAAS	Hypothalamus: 90.6%, Midbrain: 8.5%, Thalamus: 0.8%	Human HTHma-HTHtub: 43.2%, Human MN: 14.9%, Human HTHma: 13.8%	SIM1, OTP, METTL11B, EBF3, LINC02505, AL110292.1, STK32B, LHX5-AS1, AL132857.1, AL158013.1	2915.0	0.060331068	20230.19383	0.691233311	0.006223185	647.0	1883.0	385.0	0.0	0.645969125	3.0		glutamatergic neuron	False	glut
415	mm_choroid plexus epithelial cell	hs_415	0.448913397	CS202210140_416	Splat_415		CS202210140_483	Splatter	Cluster	CL:0000540	neuron					NEUR		GABA VGLUT2			AVP CHGA CHGB NAMPT NUCB NXPH SCG UBL VGF proSAAS	Hypothalamus: 78.7%, Midbrain: 7.6%, Thalamus: 3.7%	Human HTHpo-HTHso: 30.8%, Human HTHso-HTHtub: 26.6%, Human HTHtub: 7.5%	AVP, ECEL1, ARHGAP36, C14orf39, HMX3, ISL1, SIX6, DIRAS3, PMCH, ZCCHC12	25816.0	0.048906442	10315.07995	0.585769234	0.03200241	12227.0	8712.0	4848.0	29.0	0.47362101	4.0		choroid plexus epithelial cell	False	glut+gaba
416	mm_GABAergic neuron	hs_416	0.585145569	CS202210140_417	Splat_416		CS202210140_483	Splatter	Cluster	CL:0000540	neuron					NEUR		GABA			AVP CHGA CHGB GAL NAMPT NTS NUCB NXPH PENK PNOC SCG UBL VGF proSAAS	Hypothalamus: 65.4%, Thalamus: 17.9%, Amygdala: 8.1%	Human HTHso-HTHtub: 19.1%, Human ANC: 17.7%, Human HTHpo: 16.0%	GAL, HMX3, ECEL1, ISL1, ARHGAP36, DLK1, HMX2, DIRAS3, AC010478.1, C14orf39	3344.0	0.07163043	20804.32237	0.642132289	0.018508465	1010.0	1311.0	1023.0	0.0	0.392045455	3.0		GABAergic neuron	False	gaba
417	mm_GABAergic neuron	hs_417	0.722834241	CS202210140_418	Splat_417		CS202210140_483	Splatter	Cluster	CL:0000540	neuron					NEUR		GABA HDC			AVP CBLN CHGA CHGB GAL NAMPT NUCB SCG SST UBL VGF proSAAS	Hypothalamus: 95.8%, Midbrain: 4.0%, Amygdala: 0.1%	Human HTHtub: 32.3%, Human HTHso-HTHtub: 31.4%, Human HTHma-HTHtub: 26.7%	GHRH, OTP, CALCR, ECEL1, DLK1, C14orf39, ISL1, GAL, GABRE, SIX6	3885.0	0.057065717	21422.98044	0.658172682	0.012210641	1082.0	1547.0	1255.0	1.0	0.398198198	4.0		GABAergic neuron	False	gaba
418	mm_glutamatergic neuron	hs_418	0.818202092	CS202210140_419	Splat_418		CS202210140_483	Splatter	Cluster	CL:0000540	neuron					NEUR		HDC VGLUT2			ADCYAP AVP CART CBLN CCK CHGA CHGB NAMPT NUCB NXPH SCG SST UBL VGF proSAAS	Hypothalamus: 99.3%, Midbrain: 0.5%, Thalamus: 0.1%	Human HTHso-HTHtub: 52.0%, Human HTHtub: 32.9%, Human HTHma-HTHtub: 10.3%	FEZF1, FEZF1-AS1, PGR, LINC00540, DGKK, ZCCHC12, PRLR, PGR-AS1, SYTL4, ANKRD34B	5390.0	0.065571693	24341.22338	0.686525618	0.013172953	1554.0	2061.0	1775.0	0.0	0.382374768	3.0		glutamatergic neuron	False	glut
420	mm_glutamatergic neuron	hs_420	0.581927148	CS202210140_421	Splat_420		CS202210140_483	Splatter	Cluster	CL:0000540	neuron					NEUR		VGLUT2			ADCYAP AVP CART CBLN CCK CHGA CHGB NAMPT NUCB NXPH SCG TAC TRH UBL VGF proSAAS	Thalamus: 46.3%, Hypothalamus: 26.8%, Amygdala: 24.7%	Human ANC: 45.1%, Human BNST: 19.3%, Human HTHpo-HTHso: 17.0%	OTP, SIM1, ARHGAP36, GABRQ, IGSF1, FEZF1, FEZF1-AS1, AC012078.2, CALCR, AL591463.1	922.0	0.079604829	22421.46529	0.701744823	0.010590825	153.0	474.0	295.0	0.0	0.514099783	3.0		glutamatergic neuron	False	glut
421	mm_GABAergic neuron	hs_421	0.654440043	CS202210140_422	Splat_421		CS202210140_483	Splatter	Cluster	CL:0000540	neuron					NEUR		GABA			AVP CBLN CHGA CHGB NAMPT NTS NUCB NXPH OXT PNOC SCG TAC UBL VGF proSAAS	Hypothalamus: 64.1%, Amygdala: 19.7%, Thalamus: 14.8%	Human HTHpo: 29.3%, Human HTHso-HTHtub: 19.3%, Human BNST: 16.3%	ECEL1, FAM9B, TMEM114, ARHGAP36, AL035425.2, PGR, DGKK, ESR1, DIRAS3, PGR-AS1	1417.0	0.093506726	31200.75018	0.704544342	0.018711463	116.0	646.0	655.0	0.0	0.462244178	3.0		GABAergic neuron	False	gaba
422	mm_GABAergic neuron	hs_422	0.618629552	CS202210140_423	Splat_422		CS202210140_483	Splatter	Cluster	CL:0000540	neuron					NEUR		GABA			AVP CCK CHGA CHGB NAMPT NUCB NXPH SCG SST TAC UBL VGF proSAAS	Hypothalamus: 44.2%, Amygdala: 23.2%, Thalamus: 20.2%	Human BNST: 22.3%, Human ANC: 20.1%, Human HTHpo: 19.8%	CALCR, LHX8, TMEM255A, DGKK, AL110292.1, ARHGAP36, GABRE, ONECUT3, STK26, LINC00540	2976.0	0.078538314	22988.84106	0.700399328	0.022383669	689.0	1016.0	1271.0	0.0	0.427083333	3.0		GABAergic neuron	False	gaba
424	mm_GABAergic neuron	hs_424	0.622209801	CS202210140_425	Splat_424		CS202210140_483	Splatter	Cluster	CL:0000540	neuron					NEUR		GABA			AVP CBLN CCK CHGA CHGB NAMPT NUCB NXPH PNOC SCG SST TAC UBL VGF proSAAS	Amygdala: 34.9%, Hypothalamus: 32.8%, Thalamus: 29.6%	Human ANC: 29.4%, Human BNST: 16.9%, Human HTHpo-HTHso: 15.5%	CYP19A1, CALCR, ARHGAP36, DGKK, GABRE, SCN5A, GABRQ, TMEM255A, LHX6, RADX	2384.0	0.07027254	21724.82844	0.716555253	0.016013341	453.0	1044.0	886.0	1.0	0.437919463	4.0		GABAergic neuron	False	gaba
425	mm_GABAergic neuron	hs_425	0.605515466	CS202210140_426	Splat_425		CS202210140_483	Splatter	Cluster	CL:0000540	neuron					NEUR		GABA			AVP CCK CHGA CHGB NAMPT NPY NUCB NXPH SCG SST UBL VGF proSAAS	Thalamus: 35.4%, Hypothalamus: 29.5%, Amygdala: 29.1%	Human ANC: 34.9%, Human BNST: 23.4%, Human HTHpo-HTHso: 16.4%	SLC7A3, SHISAL2B, ARHGAP36, GABRQ, DGKK, NPY, CYP19A1, ECEL1, CALCR, CITED1	4253.0	0.05338798	18378.50247	0.6808154	0.015003163	1238.0	1637.0	1373.0	5.0	0.384904773	4.0		GABAergic neuron	False	gaba
428	mm_GABAergic neuron	hs_428	0.588653539	CS202210140_429	Splat_428		CS202210140_483	Splatter	Cluster	CL:0000540	neuron					NEUR		GABA			CBLN CCK CHGA CHGB NAMPT NUCB NXPH PNOC SCG UBL VGF proSAAS	Basal forebrain: 59.7%, Amygdala: 16.1%, Hypothalamus: 13.8%	Human SEP: 55.1%, Human BNST: 12.4%, Human ANC: 5.7%	FREM2, AC092958.2, SCGN, AC092957.1, ZIC2, LHX8, PRDM12, PRDM16, ZIC5, TTR	3182.0	0.070891054	19098.76618	0.718550725	0.01205565	328.0	1737.0	1111.0	6.0	0.545883092	4.0		GABAergic neuron	False	gaba
429	mm_GABAergic neuron	hs_429	0.79253136	CS202210140_430	Splat_429		CS202210140_483	Splatter	Cluster	CL:0000540	neuron					NEUR		GABA			CHGA CHGB NAMPT NUCB NXPH PNOC SCG UBL VGF proSAAS	Basal forebrain: 55.9%, Amygdala: 24.1%, Thalamus: 12.9%	Human SEP: 48.3%, Human BNST: 23.8%, Human ANC: 12.9%	PRDM16, FREM2, TTR, PRDM16-DT, AC092957.1, ZIC2, SCN5A, Z96074.1, C14orf39, ZIC5	9792.0	0.065230206	17411.28513	0.716373675	0.024358536	1276.0	4105.0	4411.0	0.0	0.450469771	3.0		GABAergic neuron	False	gaba
431	mm_glutamatergic neuron	hs_431	0.743459575	CS202210140_432	Splat_431		CS202210140_483	Splatter	Cluster	CL:0000540	neuron					NEUR		HDC VGLUT2			CART CBLN CHGA CHGB KISS NAMPT NPPC NUCB NXPH PENK POMC SCG TAC UBL VGF proSAAS	Hypothalamus: 99.7%, Midbrain: 0.2%, Cerebral cortex: 0.0%	Human MN: 57.0%, Human HTHma-HTHtub: 14.2%, Human HTHso-HTHtub: 13.8%	PGR, TBX3, PGR-AS1, AC004870.4, AC026765.3, CALCR, POMC, NR5A2, ESR1, C14orf39	2691.0	0.040449266	35841.04831	0.706356107	0.006675115	1814.0	544.0	333.0	0.0	0.674098848	3.0		glutamatergic neuron	False	glut
432	mm_neuron	hs_432	0.405110968	CS202210140_433	Splat_432		CS202210140_483	Splatter	Cluster	CL:0000540	neuron					NEUR		HDC			CBLN CHGA CHGB NAMPT NMB NPB NUCB NXPH SCG SST UBL VGF proSAAS	Hypothalamus: 79.8%, Midbrain: 19.6%, Thalamus: 0.6%	Human HTHma-HTHtub: 31.5%, Human SN: 19.6%, Human HTHtub: 19.5%	HDC, MIR3663HG, LINC02789, SLC18A2, TECRL, QRFPR, TBX3, PPP1R1C, GMNC, AC022433.1	2555.0	0.059050868	36470.79569	0.692163519	0.012327501	436.0	1550.0	569.0	0.0	0.60665362	3.0		neuron	True	none
